{
    "bulb": {
        "precision": 0.02564102564102564,
        "recall": 0.16666666666666666,
        "f1-score": 0.044444444444444446,
        "support": 12.0
    },
    "camera": {
        "precision": 0.2909090909090909,
        "recall": 0.07881773399014778,
        "f1-score": 0.12403100775193798,
        "support": 203.0
    },
    "computer": {
        "precision": 0.0,
        "recall": 0.0,
        "f1-score": 0.0,
        "support": 342.0
    },
    "mobile": {
        "precision": 0.058823529411764705,
        "recall": 0.009900990099009901,
        "f1-score": 0.016949152542372885,
        "support": 101.0
    },
    "motion_sensor": {
        "precision": 0.0,
        "recall": 0.0,
        "f1-score": 0.0,
        "support": 134.0
    },
    "printer": {
        "precision": 0.6153846153846154,
        "recall": 0.7272727272727273,
        "f1-score": 0.6666666666666667,
        "support": 22.0
    },
    "router": {
        "precision": 0.08648648648648649,
        "recall": 0.8,
        "f1-score": 0.15609756097560976,
        "support": 80.0
    },
    "speaker": {
        "precision": 0.0,
        "recall": 0.0,
        "f1-score": 0.0,
        "support": 79.0
    },
    "switch": {
        "precision": 0.0,
        "recall": 0.0,
        "f1-score": 0.0,
        "support": 50.0
    },
    "accuracy": 0.0967741935483871,
    "macro avg": {
        "precision": 0.11969386087033146,
        "recall": 0.19807312422539464,
        "f1-score": 0.1120209813756702,
        "support": 1023.0
    },
    "weighted avg": {
        "precision": 0.08383264388094473,
        "recall": 0.0967741935483871,
        "f1-score": 0.053350893312289205,
        "support": 1023.0
    }
}