{
    "bulb": {
        "precision": 0.24,
        "recall": 0.5,
        "f1-score": 0.32432432432432434,
        "support": 12.0
    },
    "camera": {
        "precision": 0.34285714285714286,
        "recall": 0.11822660098522167,
        "f1-score": 0.17582417582417584,
        "support": 203.0
    },
    "computer": {
        "precision": 0.8809523809523809,
        "recall": 0.10818713450292397,
        "f1-score": 0.19270833333333334,
        "support": 342.0
    },
    "mobile": {
        "precision": 0.2692307692307692,
        "recall": 0.06930693069306931,
        "f1-score": 0.11023622047244096,
        "support": 101.0
    },
    "motion_sensor": {
        "precision": 0.1589958158995816,
        "recall": 0.2835820895522388,
        "f1-score": 0.20375335120643429,
        "support": 134.0
    },
    "printer": {
        "precision": 0.24390243902439024,
        "recall": 0.9090909090909091,
        "f1-score": 0.38461538461538464,
        "support": 22.0
    },
    "router": {
        "precision": 0.13953488372093023,
        "recall": 0.525,
        "f1-score": 0.2204724409448819,
        "support": 80.0
    },
    "speaker": {
        "precision": 0.6428571428571429,
        "recall": 0.22784810126582278,
        "f1-score": 0.33644859813084116,
        "support": 79.0
    },
    "switch": {
        "precision": 0.16666666666666666,
        "recall": 0.7,
        "f1-score": 0.2692307692307692,
        "support": 50.0
    },
    "accuracy": 0.22189638318670576,
    "macro avg": {
        "precision": 0.34277747124544494,
        "recall": 0.3823601962322429,
        "f1-score": 0.24640151089806508,
        "support": 1023.0
    },
    "weighted avg": {
        "precision": 0.4867166698766613,
        "recall": 0.22189638318670576,
        "f1-score": 0.20534464160760726,
        "support": 1023.0
    }
}