{
    "bulb": {
        "precision": 1.0,
        "recall": 1.0,
        "f1-score": 1.0,
        "support": 12.0
    },
    "camera": {
        "precision": 0.46875,
        "recall": 0.6650246305418719,
        "f1-score": 0.5498981670061099,
        "support": 203.0
    },
    "computer": {
        "precision": 0.985781990521327,
        "recall": 0.6081871345029239,
        "f1-score": 0.7522603978300181,
        "support": 342.0
    },
    "mobile": {
        "precision": 0.5900621118012422,
        "recall": 0.9405940594059405,
        "f1-score": 0.7251908396946566,
        "support": 101.0
    },
    "motion_sensor": {
        "precision": 0.9166666666666666,
        "recall": 0.08208955223880597,
        "f1-score": 0.15068493150684933,
        "support": 134.0
    },
    "other": {
        "precision": 0.0,
        "recall": 0.0,
        "f1-score": 0.0,
        "support": 0.0
    },
    "printer": {
        "precision": 0.9565217391304348,
        "recall": 1.0,
        "f1-score": 0.9777777777777777,
        "support": 22.0
    },
    "router": {
        "precision": 0.9672131147540983,
        "recall": 0.7375,
        "f1-score": 0.8368794326241135,
        "support": 80.0
    },
    "speaker": {
        "precision": 1.0,
        "recall": 0.8860759493670886,
        "f1-score": 0.9395973154362416,
        "support": 79.0
    },
    "switch": {
        "precision": 0.3389830508474576,
        "recall": 0.8,
        "f1-score": 0.47619047619047616,
        "support": 50.0
    },
    "accuracy": 0.6373411534701857,
    "macro avg": {
        "precision": 0.7223978673721226,
        "recall": 0.6719471326056631,
        "f1-score": 0.6408479338066243,
        "support": 1023.0
    },
    "weighted avg": {
        "precision": 0.8026324314439129,
        "recall": 0.6373411534701857,
        "f1-score": 0.6459800753091024,
        "support": 1023.0
    }
}