{
    "bulb": {
        "precision": 0.16666666666666666,
        "recall": 1.0,
        "f1-score": 0.2857142857142857,
        "support": 1.0
    },
    "camera": {
        "precision": 0.8571428571428571,
        "recall": 0.10434782608695652,
        "f1-score": 0.18604651162790697,
        "support": 115.0
    },
    "computer": {
        "precision": 0.0,
        "recall": 0.0,
        "f1-score": 0.0,
        "support": 0.0
    },
    "mobile": {
        "precision": 0.09523809523809523,
        "recall": 0.08695652173913043,
        "f1-score": 0.0909090909090909,
        "support": 23.0
    },
    "motion_sensor": {
        "precision": 0.0,
        "recall": 0.0,
        "f1-score": 0.0,
        "support": 0.0
    },
    "printer": {
        "precision": 0.0,
        "recall": 0.0,
        "f1-score": 0.0,
        "support": 0.0
    },
    "router": {
        "precision": 0.951397326852977,
        "recall": 0.9104651162790698,
        "f1-score": 0.93048128342246,
        "support": 860.0
    },
    "speaker": {
        "precision": 0.2727272727272727,
        "recall": 0.3333333333333333,
        "f1-score": 0.3,
        "support": 9.0
    },
    "switch": {
        "precision": 0.043478260869565216,
        "recall": 0.75,
        "f1-score": 0.0821917808219178,
        "support": 4.0
    },
    "accuracy": 0.7944664031620553,
    "macro avg": {
        "precision": 0.265183386610826,
        "recall": 0.35390031082649887,
        "f1-score": 0.20837143916618459,
        "support": 1012.0
    },
    "weighted avg": {
        "precision": 0.9108287855930388,
        "recall": 0.7944664031620553,
        "f1-score": 0.8172081453363991,
        "support": 1012.0
    }
}