{
    "bulb": {
        "precision": 0.1590909090909091,
        "recall": 0.5833333333333334,
        "f1-score": 0.25,
        "support": 12.0
    },
    "camera": {
        "precision": 0.36666666666666664,
        "recall": 0.10837438423645321,
        "f1-score": 0.1673003802281369,
        "support": 203.0
    },
    "computer": {
        "precision": 0.96,
        "recall": 0.07017543859649122,
        "f1-score": 0.1307901907356948,
        "support": 342.0
    },
    "mobile": {
        "precision": 0.2962962962962963,
        "recall": 0.07920792079207921,
        "f1-score": 0.125,
        "support": 101.0
    },
    "motion_sensor": {
        "precision": 0.2375,
        "recall": 0.2835820895522388,
        "f1-score": 0.2585034013605442,
        "support": 134.0
    },
    "printer": {
        "precision": 0.27941176470588236,
        "recall": 0.8636363636363636,
        "f1-score": 0.4222222222222223,
        "support": 22.0
    },
    "router": {
        "precision": 0.16417910447761194,
        "recall": 0.6875,
        "f1-score": 0.26506024096385544,
        "support": 80.0
    },
    "speaker": {
        "precision": 0.4090909090909091,
        "recall": 0.22784810126582278,
        "f1-score": 0.29268292682926833,
        "support": 79.0
    },
    "switch": {
        "precision": 0.11153846153846154,
        "recall": 0.58,
        "f1-score": 0.18709677419354837,
        "support": 50.0
    },
    "accuracy": 0.21505376344086022,
    "macro avg": {
        "precision": 0.3315304568740819,
        "recall": 0.38707307015697584,
        "f1-score": 0.23318401517036338,
        "support": 1023.0
    },
    "weighted avg": {
        "precision": 0.5118180276101597,
        "recall": 0.21505376344086022,
        "f1-score": 0.18761209804048806,
        "support": 1023.0
    }
}