{
    "bulb": {
        "precision": 0.2222222222222222,
        "recall": 0.8333333333333334,
        "f1-score": 0.3508771929824561,
        "support": 12.0
    },
    "camera": {
        "precision": 0.2682926829268293,
        "recall": 0.054187192118226604,
        "f1-score": 0.09016393442622953,
        "support": 203.0
    },
    "computer": {
        "precision": 0.967032967032967,
        "recall": 0.2573099415204678,
        "f1-score": 0.40646651270207856,
        "support": 342.0
    },
    "mobile": {
        "precision": 0.3181818181818182,
        "recall": 0.06930693069306931,
        "f1-score": 0.11382113821138212,
        "support": 101.0
    },
    "motion_sensor": {
        "precision": 0.04597701149425287,
        "recall": 0.029850746268656716,
        "f1-score": 0.03619909502262443,
        "support": 134.0
    },
    "printer": {
        "precision": 0.2375,
        "recall": 0.8636363636363636,
        "f1-score": 0.37254901960784315,
        "support": 22.0
    },
    "router": {
        "precision": 0.14411764705882352,
        "recall": 0.6125,
        "f1-score": 0.23333333333333334,
        "support": 80.0
    },
    "speaker": {
        "precision": 0.36585365853658536,
        "recall": 0.189873417721519,
        "f1-score": 0.25,
        "support": 79.0
    },
    "switch": {
        "precision": 0.12318840579710146,
        "recall": 0.68,
        "f1-score": 0.20858895705521474,
        "support": 50.0
    },
    "accuracy": 0.2316715542521994,
    "macro avg": {
        "precision": 0.29915182369451115,
        "recall": 0.39888865836573745,
        "f1-score": 0.2291110203712402,
        "support": 1023.0
    },
    "weighted avg": {
        "precision": 0.46722278619905416,
        "recall": 0.2316715542521994,
        "f1-score": 0.2296326089849523,
        "support": 1023.0
    }
}