{
    "computer": {
        "precision": 0.9047619047619048,
        "recall": 0.2777777777777778,
        "f1-score": 0.42505592841163314,
        "support": 342.0
    },
    "mobile": {
        "precision": 0.30120481927710846,
        "recall": 0.49504950495049505,
        "f1-score": 0.37453183520599254,
        "support": 101.0
    },
    "router": {
        "precision": 0.9080459770114943,
        "recall": 0.9875,
        "f1-score": 0.9461077844311377,
        "support": 80.0
    },
    "smart_bulb": {
        "precision": 0.14285714285714285,
        "recall": 1.0,
        "f1-score": 0.25,
        "support": 12.0
    },
    "smart_camera": {
        "precision": 0.39285714285714285,
        "recall": 0.3793103448275862,
        "f1-score": 0.3859649122807017,
        "support": 203.0
    },
    "smart_motion_sensor": {
        "precision": 0.9405940594059405,
        "recall": 0.7089552238805971,
        "f1-score": 0.8085106382978723,
        "support": 134.0
    },
    "smart_printer": {
        "precision": 0.5,
        "recall": 0.9545454545454546,
        "f1-score": 0.65625,
        "support": 22.0
    },
    "smart_speaker": {
        "precision": 0.4251497005988024,
        "recall": 0.8987341772151899,
        "f1-score": 0.5772357723577236,
        "support": 79.0
    },
    "smart_switch": {
        "precision": 0.49333333333333335,
        "recall": 0.74,
        "f1-score": 0.592,
        "support": 50.0
    },
    "accuracy": 0.5249266862170088,
    "macro avg": {
        "precision": 0.5565337866780965,
        "recall": 0.7157636092441223,
        "f1-score": 0.557295207887229,
        "support": 1023.0
    },
    "weighted avg": {
        "precision": 0.6737549550587808,
        "recall": 0.5249266862170088,
        "f1-score": 0.5261152437617129,
        "support": 1023.0
    }
}